{"loss": 5.379884373233242, "_timestamp": 1649686224, "_runtime": 8, "_step": 23, "Train accuracy": 78.24074074074075, "Test accuracy": 73.24074074074075}