{"epoch_loss": 3.020746224870283, "_timestamp": 1651933292, "_runtime": 79, "_step": 833, "epoch_mse": 0.008996435130635897, "epoch_kld": 35.73112233479818, "_wandb": {"runtime": 80}}