{"loss": 3.359296562017566, "_timestamp": 1649669308, "_runtime": 13, "_step": 35, "Train accuracy": 78.79629629629629, "Test accuracy": 73.42592592592592, "_wandb": {"runtime": 15}}