{"loss": 0.677490681683575, "_timestamp": 1649685019, "_runtime": 4, "_step": 5, "Train accuracy": 100.0, "Test accuracy": 87.03703703703704, "_wandb": {"runtime": 6}}