{"iter_loss": 0.011308419207731882, "_timestamp": 1651938020, "_runtime": 12, "_step": 47, "iter_mse": 0.011308419207731882, "iter_kld": 0.09283965826034546}