{"loss": 1.4522620946611862, "_timestamp": 1649684880, "_runtime": 4, "_step": 2, "Train accuracy": 100.0, "Test accuracy": 86.66666666666667, "_wandb": {"runtime": 5}}