{"loss": 8.296772219221898, "_timestamp": 1649685730, "_runtime": 6, "_step": 8, "Train accuracy": 46.2962962962963, "Test accuracy": 47.77777777777778}