{"loss": 0.29526282753857863, "_timestamp": 1649684966, "_runtime": 6, "_step": 11, "Train accuracy": 100.0, "Test accuracy": 87.12962962962963, "_wandb": {"runtime": 7}}